path,root,relative_path,extension,category,size_bytes,line_count,modified_at
src/.htaccess,src,.htaccess,,other,26,1,2025-10-26T15:59:29.807527+00:00
src/401.twig,src,401.twig,.twig,template,518,15,2025-10-26T15:59:29.807527+00:00
src/404.php,src,404.php,.php,php,187,7,2025-10-26T15:59:29.807527+00:00
src/404.twig,src,404.twig,.twig,template,1251,29,2025-10-26T15:59:29.807527+00:00
src/api/account/acceptTOS.php,src,api/account/acceptTOS.php,.php,php,846,25,2025-10-26T15:59:29.807527+00:00
src/api/account/basicDetails.php,src,api/account/basicDetails.php,.php,php,5016,128,2025-10-26T15:59:29.807527+00:00
src/api/account/calendar-export.php,src,api/account/calendar-export.php,.php,php,4413,96,2025-10-26T15:59:29.807527+00:00
src/api/account/changePass.php,src,api/account/changePass.php,.php,php,1596,45,2025-10-26T15:59:29.807527+00:00
src/api/account/destroyTokens.php,src,api/account/destroyTokens.php,.php,php,809,29,2025-10-26T15:59:29.807527+00:00
src/api/account/disconnectOAuth.php,src,api/account/disconnectOAuth.php,.php,php,1336,44,2025-10-26T15:59:29.807527+00:00
src/api/account/emailViewer.php,src,api/account/emailViewer.php,.php,php,2386,75,2025-10-26T15:59:29.807527+00:00
src/api/account/forcePasswordChange.php,src,api/account/forcePasswordChange.php,.php,php,1806,57,2025-10-26T15:59:29.807527+00:00
src/api/account/isDefaultAccountEnabled.php,src,api/account/isDefaultAccountEnabled.php,.php,php,2255,60,2025-10-26T15:59:29.807527+00:00
src/api/account/notifications.php,src,api/account/notifications.php,.php,php,1467,43,2025-10-26T15:59:29.807527+00:00
src/api/account/oauth-link/google.php,src,api/account/oauth-link/google.php,.php,php,2696,63,2025-10-26T15:59:29.807527+00:00
src/api/account/oauth-link/microsoft.php,src,api/account/oauth-link/microsoft.php,.php,php,1909,51,2025-10-26T15:59:29.807527+00:00
src/api/account/passwordReset.php,src,api/account/passwordReset.php,.php,php,2414,62,2025-10-26T15:59:29.807527+00:00
src/api/account/permissions.php,src,api/account/permissions.php,.php,php,3741,78,2025-10-26T15:59:29.807527+00:00
src/api/account/reSendVerificationEmail.php,src,api/account/reSendVerificationEmail.php,.php,php,800,24,2025-10-26T15:59:29.807527+00:00
src/api/account/softDelete.php,src,api/account/softDelete.php,.php,php,2476,70,2025-10-26T15:59:29.807527+00:00
src/api/account/suspend.php,src,api/account/suspend.php,.php,php,1600,50,2025-10-26T15:59:29.807527+00:00
src/api/account/theme.php,src,api/account/theme.php,.php,php,882,32,2025-10-26T15:59:29.807527+00:00
src/api/account/thumbnail.php,src,api/account/thumbnail.php,.php,php,1433,45,2025-10-26T15:59:29.807527+00:00
src/api/account/verifyEmail.php,src,api/account/verifyEmail.php,.php,php,2696,65,2025-10-26T15:59:29.807527+00:00
src/api/account/viewSiteAs.php,src,api/account/viewSiteAs.php,.php,php,1340,44,2025-10-26T15:59:29.807527+00:00
src/api/account/viewSiteAs_terminate.php,src,api/account/viewSiteAs_terminate.php,.php,php,1047,39,2025-10-26T15:59:29.807527+00:00
src/api/account/widgetToggle.php,src,api/account/widgetToggle.php,.php,php,1397,42,2025-10-26T15:59:29.807527+00:00
src/api/apiHead.php,src,api/apiHead.php,.php,php,4448,97,2025-10-26T15:59:29.807527+00:00
src/api/apiHeadSecure.php,src,api/apiHeadSecure.php,.php,php,1531,29,2025-10-26T15:59:29.807527+00:00
src/api/assets/archive.php,src,api/assets/archive.php,.php,php,2320,69,2025-10-26T15:59:29.807527+00:00
src/api/assets/barcodes/assign.php,src,api/assets/barcodes/assign.php,.php,php,2677,77,2025-10-26T15:59:29.807527+00:00
src/api/assets/barcodes/delete.php,src,api/assets/barcodes/delete.php,.php,php,1497,41,2025-10-26T15:59:29.807527+00:00
src/api/assets/barcodes/index.php,src,api/assets/barcodes/index.php,.php,php,3921,158,2025-10-26T15:59:29.807527+00:00
src/api/assets/barcodes/search.php,src,api/assets/barcodes/search.php,.php,php,6433,130,2025-10-26T15:59:29.807527+00:00
src/api/assets/delete.php,src,api/assets/delete.php,.php,php,5353,104,2025-10-26T15:59:29.807527+00:00
src/api/assets/editAsset.php,src,api/assets/editAsset.php,.php,php,12512,248,2025-10-26T15:59:29.807527+00:00
src/api/assets/editAssetType.php,src,api/assets/editAssetType.php,.php,php,10644,203,2025-10-26T15:59:29.807527+00:00
src/api/assets/editAssetTypeDefinableFields.php,src,api/assets/editAssetTypeDefinableFields.php,.php,php,5953,149,2025-10-26T15:59:29.807527+00:00
src/api/assets/export.php,src,api/assets/export.php,.php,php,8896,196,2025-10-26T15:59:29.807527+00:00
src/api/assets/getAssetTypeData.php,src,api/assets/getAssetTypeData.php,.php,php,5349,131,2025-10-26T15:59:29.807527+00:00
src/api/assets/list.php,src,api/assets/list.php,.php,php,7590,174,2025-10-26T15:59:29.807527+00:00
src/api/assets/newAssetFromType.php,src,api/assets/newAssetFromType.php,.php,php,8043,201,2025-10-26T15:59:29.807527+00:00
src/api/assets/newAssetType.php,src,api/assets/newAssetType.php,.php,php,8822,205,2025-10-26T15:59:29.807527+00:00
src/api/assets/searchAssets.php,src,api/assets/searchAssets.php,.php,php,4092,101,2025-10-26T15:59:29.807527+00:00
src/api/assets/searchAssetsBarcode.php,src,api/assets/searchAssetsBarcode.php,.php,php,391,15,2025-10-26T15:59:29.807527+00:00
src/api/assets/searchType.php,src,api/assets/searchType.php,.php,php,4231,98,2025-10-26T15:59:29.807527+00:00
src/api/assets/substitutions.php,src,api/assets/substitutions.php,.php,php,5142,118,2025-10-26T15:59:29.807527+00:00
src/api/assets/transfer.php,src,api/assets/transfer.php,.php,php,7950,170,2025-10-26T15:59:29.807527+00:00
src/api/barcodes/searchAsset.php,src,api/barcodes/searchAsset.php,.php,php,2898,78,2025-10-26T15:59:29.807527+00:00
src/api/categories/edit.php,src,api/categories/edit.php,.php,php,3325,98,2025-10-26T15:59:29.807527+00:00
src/api/categories/groups/edit.php,src,api/categories/groups/edit.php,.php,php,3242,92,2025-10-26T15:59:29.811527+00:00
src/api/categories/groups/new.php,src,api/categories/groups/new.php,.php,php,2902,84,2025-10-26T15:59:29.811527+00:00
src/api/categories/new.php,src,api/categories/new.php,.php,php,3023,89,2025-10-26T15:59:29.811527+00:00
src/api/categories/search.php,src,api/categories/search.php,.php,php,4158,97,2025-10-26T15:59:29.811527+00:00
src/api/clients/archive.php,src,api/clients/archive.php,.php,php,1467,55,2025-10-26T15:59:29.811527+00:00
src/api/clients/edit.php,src,api/clients/edit.php,.php,php,3789,113,2025-10-26T15:59:29.811527+00:00
src/api/clients/new.php,src,api/clients/new.php,.php,php,2268,70,2025-10-26T15:59:29.811527+00:00
src/api/clients/unarchive.php,src,api/clients/unarchive.php,.php,php,1480,55,2025-10-26T15:59:29.811527+00:00
src/api/cms/editPageConfig.php,src,api/cms/editPageConfig.php,.php,php,3810,107,2025-10-26T15:59:29.811527+00:00
src/api/cms/editPageContent-rollback.php,src,api/cms/editPageContent-rollback.php,.php,php,3725,107,2025-10-26T15:59:29.811527+00:00
src/api/cms/editPageContent.php,src,api/cms/editPageContent.php,.php,php,3560,109,2025-10-26T15:59:29.811527+00:00
src/api/cms/editPageRank.php,src,api/cms/editPageRank.php,.php,php,2473,76,2025-10-26T15:59:29.811527+00:00
src/api/cms/get.php,src,api/cms/get.php,.php,php,3516,97,2025-10-26T15:59:29.811527+00:00
src/api/cms/list.php,src,api/cms/list.php,.php,php,2430,55,2025-10-26T15:59:29.811527+00:00
src/api/cms/setCustomDashboard.php,src,api/cms/setCustomDashboard.php,.php,php,2922,84,2025-10-26T15:59:29.811527+00:00
src/api/file/avatarGen.php,src,api/file/avatarGen.php,.php,php,1474,43,2025-10-26T15:59:29.811527+00:00
src/api/file/delete.php,src,api/file/delete.php,.php,php,2486,75,2025-10-26T15:59:29.811527+00:00
src/api/file/index.php,src,api/file/index.php,.php,php,3432,94,2025-10-26T15:59:29.811527+00:00
src/api/file/removeShare.php,src,api/file/removeShare.php,.php,php,2463,76,2025-10-26T15:59:29.811527+00:00
src/api/file/rename.php,src,api/file/rename.php,.php,php,2656,83,2025-10-26T15:59:29.811527+00:00
src/api/file/share.php,src,api/file/share.php,.php,php,1399,42,2025-10-26T15:59:29.811527+00:00
src/api/groups/addAsset.php,src,api/groups/addAsset.php,.php,php,3966,101,2025-10-26T15:59:29.811527+00:00
src/api/groups/edit.php,src,api/groups/edit.php,.php,php,3522,104,2025-10-26T15:59:29.811527+00:00
src/api/groups/new.php,src,api/groups/new.php,.php,php,3119,96,2025-10-26T15:59:29.811527+00:00
src/api/groups/removeAsset.php,src,api/groups/removeAsset.php,.php,php,4012,100,2025-10-26T15:59:29.811527+00:00
src/api/groups/search.php,src,api/groups/search.php,.php,php,2497,76,2025-10-26T15:59:29.811527+00:00
src/api/groups/watch.php,src,api/groups/watch.php,.php,php,2438,74,2025-10-26T15:59:29.811527+00:00
src/api/icons/getIcons.php,src,api/icons/getIcons.php,.php,php,1053,41,2025-10-26T15:59:29.811527+00:00
src/api/icons/icons.json,src,api/icons/icons.json,.json,json,176508,11532,2025-10-26T15:59:29.811527+00:00
src/api/instances/addUser-EmailTemplate.twig,src,api/instances/addUser-EmailTemplate.twig,.twig,template,1700,28,2025-10-26T15:59:29.811527+00:00
src/api/instances/addUser.php,src,api/instances/addUser.php,.php,php,3641,92,2025-10-26T15:59:29.811527+00:00
src/api/instances/addUserFromCode.php,src,api/instances/addUserFromCode.php,.php,php,4332,98,2025-10-26T15:59:29.811527+00:00
src/api/instances/addUserFromTrustedDomain.php,src,api/instances/addUserFromTrustedDomain.php,.php,php,4939,98,2025-10-26T15:59:29.811527+00:00
src/api/instances/archiveUser.php,src,api/instances/archiveUser.php,.php,php,3046,75,2025-10-26T15:59:29.811527+00:00
src/api/instances/assetAssignmentStatus/delete.php,src,api/instances/assetAssignmentStatus/delete.php,.php,php,2352,65,2025-10-26T15:59:29.811527+00:00
src/api/instances/assetAssignmentStatus/edit.php,src,api/instances/assetAssignmentStatus/edit.php,.php,php,2543,74,2025-10-26T15:59:29.811527+00:00
src/api/instances/assetAssignmentStatus/new.php,src,api/instances/assetAssignmentStatus/new.php,.php,php,2517,75,2025-10-26T15:59:29.811527+00:00
src/api/instances/assetAssignmentStatus/reorder.php,src,api/instances/assetAssignmentStatus/reorder.php,.php,php,2385,68,2025-10-26T15:59:29.811527+00:00
src/api/instances/billing/billingPortal.php,src,api/instances/billing/billingPortal.php,.php,php,570,14,2025-10-26T15:59:29.811527+00:00
src/api/instances/billing/getPrices.php,src,api/instances/billing/getPrices.php,.php,php,1943,50,2025-10-26T15:59:29.811527+00:00
src/api/instances/billing/postSubscribeDelay.php,src,api/instances/billing/postSubscribeDelay.php,.php,php,359,7,2025-10-26T15:59:29.811527+00:00
src/api/instances/billing/subscribe.php,src,api/instances/billing/subscribe.php,.php,php,1689,46,2025-10-26T15:59:29.811527+00:00
src/api/instances/billing/webhooks.php,src,api/instances/billing/webhooks.php,.php,php,4645,94,2025-10-26T15:59:29.811527+00:00
src/api/instances/calendar-export.php,src,api/instances/calendar-export.php,.php,php,3762,85,2025-10-26T15:59:29.811527+00:00
src/api/instances/delete.php,src,api/instances/delete.php,.php,php,1276,39,2025-10-26T15:59:29.811527+00:00
src/api/instances/editCalendarSettings.php,src,api/instances/editCalendarSettings.php,.php,php,1758,47,2025-10-26T15:59:29.811527+00:00
src/api/instances/editInstance.php,src,api/instances/editInstance.php,.php,php,5427,142,2025-10-26T15:59:29.811527+00:00
src/api/instances/editInstancePublicSite.php,src,api/instances/editInstancePublicSite.php,.php,php,2636,76,2025-10-26T15:59:29.811527+00:00
src/api/instances/editInstanceServerAdmin.php,src,api/instances/editInstanceServerAdmin.php,.php,php,2971,86,2025-10-26T15:59:29.811527+00:00
src/api/instances/editInstanceTrustedDomains.php,src,api/instances/editInstanceTrustedDomains.php,.php,php,2740,78,2025-10-26T15:59:29.811527+00:00
src/api/instances/editUser.php,src,api/instances/editUser.php,.php,php,2745,79,2025-10-26T15:59:29.811527+00:00
src/api/instances/list.php,src,api/instances/list.php,.php,php,1329,40,2025-10-26T15:59:29.811527+00:00
src/api/instances/new.php,src,api/instances/new.php,.php,php,9315,238,2025-10-26T15:59:29.811527+00:00
src/api/instances/permanentlyDelete.php,src,api/instances/permanentlyDelete.php,.php,php,1453,43,2025-10-26T15:59:29.811527+00:00
src/api/instances/projectStatus/edit.php,src,api/instances/projectStatus/edit.php,.php,php,1779,51,2025-10-26T15:59:29.811527+00:00
src/api/instances/projectStatus/editPageRank.php,src,api/instances/projectStatus/editPageRank.php,.php,php,1327,40,2025-10-26T15:59:29.811527+00:00
src/api/instances/projectStatus/new.php,src,api/instances/projectStatus/new.php,.php,php,1505,47,2025-10-26T15:59:29.811527+00:00
src/api/instances/projectTypes/edit.php,src,api/instances/projectTypes/edit.php,.php,php,4177,118,2025-10-26T15:59:29.811527+00:00
src/api/instances/projectTypes/new.php,src,api/instances/projectTypes/new.php,.php,php,3882,111,2025-10-26T15:59:29.811527+00:00
src/api/instances/removeUser.php,src,api/instances/removeUser.php,.php,php,2462,66,2025-10-26T15:59:29.811527+00:00
src/api/instances/searchUser.php,src,api/instances/searchUser.php,.php,php,2428,55,2025-10-26T15:59:29.811527+00:00
src/api/instances/signupCodes/edit.php,src,api/instances/signupCodes/edit.php,.php,php,3531,103,2025-10-26T15:59:29.811527+00:00
src/api/instances/signupCodes/new.php,src,api/instances/signupCodes/new.php,.php,php,3221,95,2025-10-26T15:59:29.811527+00:00
src/api/instances/signupCodes/taken.php,src,api/instances/signupCodes/taken.php,.php,php,1660,52,2025-10-26T15:59:29.811527+00:00
src/api/instances/switch.php,src,api/instances/switch.php,.php,php,1838,61,2025-10-26T15:59:29.811527+00:00
src/api/instances/unDelete.php,src,api/instances/unDelete.php,.php,php,1278,39,2025-10-26T15:59:29.811527+00:00
src/api/instances/users.php,src,api/instances/users.php,.php,php,3805,93,2025-10-26T15:59:29.811527+00:00
src/api/locations/archive.php,src,api/locations/archive.php,.php,php,1504,55,2025-10-26T15:59:29.811527+00:00
src/api/locations/edit.php,src,api/locations/edit.php,.php,php,3544,109,2025-10-26T15:59:29.811527+00:00
src/api/locations/new.php,src,api/locations/new.php,.php,php,3597,111,2025-10-26T15:59:29.811527+00:00
src/api/locations/unarchive.php,src,api/locations/unarchive.php,.php,php,1516,55,2025-10-26T15:59:29.811527+00:00
src/api/login/forgotPassword.php,src,api/login/forgotPassword.php,.php,php,2254,65,2025-10-26T15:59:29.815527+00:00
src/api/login/login.php,src,api/login/login.php,.php,php,4197,87,2025-10-26T15:59:29.815527+00:00
src/api/login/loginAjaxHead.php,src,api/login/loginAjaxHead.php,.php,php,133,8,2025-10-26T15:59:29.815527+00:00
src/api/login/magicLogin.php,src,api/login/magicLogin.php,.php,php,1274,43,2025-10-26T15:59:29.815527+00:00
src/api/login/signup.php,src,api/login/signup.php,.php,php,3801,107,2025-10-26T15:59:29.815527+00:00
src/api/maintenance/createJob-EmailTemplate.twig,src,api/maintenance/createJob-EmailTemplate.twig,.twig,template,1829,29,2025-10-26T15:59:29.815527+00:00
src/api/maintenance/job/addAsset.php,src,api/maintenance/job/addAsset.php,.php,php,2932,81,2025-10-26T15:59:29.815527+00:00
src/api/maintenance/job/changeBlock.php,src,api/maintenance/job/changeBlock.php,.php,php,2989,80,2025-10-26T15:59:29.815527+00:00
src/api/maintenance/job/changeDueDate.php,src,api/maintenance/job/changeDueDate.php,.php,php,2557,70,2025-10-26T15:59:29.815527+00:00
src/api/maintenance/job/changeFlag.php,src,api/maintenance/job/changeFlag.php,.php,php,2978,80,2025-10-26T15:59:29.815527+00:00
src/api/maintenance/job/changeJobAssigned-EmailTemplate.twig,src,api/maintenance/job/changeJobAssigned-EmailTemplate.twig,.twig,template,1707,28,2025-10-26T15:59:29.815527+00:00
src/api/maintenance/job/changeJobAssigned.php,src,api/maintenance/job/changeJobAssigned.php,.php,php,3452,80,2025-10-26T15:59:29.815527+00:00
src/api/maintenance/job/changeJobStatus-EmailTemplate.twig,src,api/maintenance/job/changeJobStatus-EmailTemplate.twig,.twig,template,1774,33,2025-10-26T15:59:29.815527+00:00
src/api/maintenance/job/changeJobStatus.php,src,api/maintenance/job/changeJobStatus.php,.php,php,4847,109,2025-10-26T15:59:29.815527+00:00
src/api/maintenance/job/changeName.php,src,api/maintenance/job/changeName.php,.php,php,2414,70,2025-10-26T15:59:29.815527+00:00
src/api/maintenance/job/changePriority.php,src,api/maintenance/job/changePriority.php,.php,php,2682,76,2025-10-26T15:59:29.815527+00:00
src/api/maintenance/job/deleteJob.php,src,api/maintenance/job/deleteJob.php,.php,php,2079,62,2025-10-26T15:59:29.815527+00:00
src/api/maintenance/job/messageJob-EmailTemplate.twig,src,api/maintenance/job/messageJob-EmailTemplate.twig,.twig,template,1977,33,2025-10-26T15:59:29.815527+00:00
src/api/maintenance/job/removeAsset.php,src,api/maintenance/job/removeAsset.php,.php,php,2924,80,2025-10-26T15:59:29.815527+00:00
src/api/maintenance/job/sendMessage.php,src,api/maintenance/job/sendMessage.php,.php,php,4259,102,2025-10-26T15:59:29.815527+00:00
src/api/maintenance/job/tagUser.php,src,api/maintenance/job/tagUser.php,.php,php,3168,85,2025-10-26T15:59:29.815527+00:00
src/api/maintenance/job/unTagUser.php,src,api/maintenance/job/unTagUser.php,.php,php,3236,84,2025-10-26T15:59:29.815527+00:00
src/api/maintenance/newJob.php,src,api/maintenance/newJob.php,.php,php,6787,156,2025-10-26T15:59:29.815527+00:00
src/api/maintenance/searchAsset.php,src,api/maintenance/searchAsset.php,.php,php,3364,89,2025-10-26T15:59:29.815527+00:00
src/api/maintenance/searchUser.php,src,api/maintenance/searchUser.php,.php,php,2952,78,2025-10-26T15:59:29.815527+00:00
src/api/manufacturer/new.php,src,api/manufacturer/new.php,.php,php,2053,62,2025-10-26T15:59:29.815527+00:00
src/api/manufacturer/search.php,src,api/manufacturer/search.php,.php,php,3722,92,2025-10-26T15:59:29.815527+00:00
src/api/modules/edit.php,src,api/modules/edit.php,.php,php,3800,113,2025-10-26T15:59:29.815527+00:00
src/api/modules/new.php,src,api/modules/new.php,.php,php,3856,112,2025-10-26T15:59:29.815527+00:00
src/api/modules/steps/edit.php,src,api/modules/steps/edit.php,.php,php,3855,114,2025-10-26T15:59:29.815527+00:00
src/api/modules/steps/new.php,src,api/modules/steps/new.php,.php,php,3454,104,2025-10-26T15:59:29.815527+00:00
src/api/modules/steps/sortRank.php,src,api/modules/steps/sortRank.php,.php,php,2174,68,2025-10-26T15:59:29.815527+00:00
src/api/notifications/email/email.php,src,api/notifications/email/email.php,.php,php,2801,50,2025-10-26T15:59:29.815527+00:00
src/api/notifications/email/email_template.twig,src,api/notifications/email/email_template.twig,.twig,template,12909,296,2025-10-26T15:59:29.815527+00:00
src/api/notifications/main.php,src,api/notifications/main.php,.php,php,1415,39,2025-10-26T15:59:29.815527+00:00
src/api/notifications/notificationTypes.php,src,api/notifications/notificationTypes.php,.php,php,3630,157,2025-10-26T15:59:29.815527+00:00
src/api/onlineCheck.php,src,api/onlineCheck.php,.php,php,853,40,2025-10-26T15:59:29.815527+00:00
src/api/openApiYAMLHeaders.php,src,api/openApiYAMLHeaders.php,.php,php,3582,86,2025-10-26T15:59:29.815527+00:00
src/api/permissions/instancePermissionsEditor.php,src,api/permissions/instancePermissionsEditor.php,.php,php,2475,71,2025-10-26T15:59:29.815527+00:00
src/api/permissions/newInstancePosition.php,src,api/permissions/newInstancePosition.php,.php,php,1973,60,2025-10-26T15:59:29.815527+00:00
src/api/permissions/permissionsEditor.php,src,api/permissions/permissionsEditor.php,.php,php,2412,71,2025-10-26T15:59:29.815527+00:00
src/api/projects/archive.php,src,api/projects/archive.php,.php,php,1730,52,2025-10-26T15:59:29.815527+00:00
src/api/projects/assets/assign.php,src,api/projects/assets/assign.php,.php,php,11007,180,2025-10-26T15:59:29.815527+00:00
src/api/projects/assets/setComment.php,src,api/projects/assets/setComment.php,.php,php,2261,62,2025-10-26T15:59:29.815527+00:00
src/api/projects/assets/setDiscount.php,src,api/projects/assets/setDiscount.php,.php,php,4469,93,2025-10-26T15:59:29.815527+00:00
src/api/projects/assets/setPrice.php,src,api/projects/assets/setPrice.php,.php,php,5889,109,2025-10-26T15:59:29.815527+00:00
src/api/projects/assets/setStatus.php,src,api/projects/assets/setStatus.php,.php,php,2797,79,2025-10-26T15:59:29.815527+00:00
src/api/projects/assets/setStatusBarcode.php,src,api/projects/assets/setStatusBarcode.php,.php,php,3979,100,2025-10-26T15:59:29.815527+00:00
src/api/projects/assets/setStatusByTag.php,src,api/projects/assets/setStatusByTag.php,.php,php,3345,64,2025-10-26T15:59:29.815527+00:00
src/api/projects/assets/statusList.php,src,api/projects/assets/statusList.php,.php,php,3431,80,2025-10-26T15:59:29.815527+00:00
src/api/projects/assets/swap.php,src,api/projects/assets/swap.php,.php,php,4474,100,2025-10-26T15:59:29.815527+00:00
src/api/projects/assets/unassign.php,src,api/projects/assets/unassign.php,.php,php,7272,134,2025-10-26T15:59:29.815527+00:00
src/api/projects/changeClient.php,src,api/projects/changeClient.php,.php,php,2121,65,2025-10-26T15:59:29.815527+00:00
src/api/projects/changeDeliveryNotes.php,src,api/projects/changeDeliveryNotes.php,.php,php,2015,59,2025-10-26T15:59:29.815527+00:00
src/api/projects/changeDescription.php,src,api/projects/changeDescription.php,.php,php,2022,59,2025-10-26T15:59:29.815527+00:00
src/api/projects/changeInvoiceNotes.php,src,api/projects/changeInvoiceNotes.php,.php,php,1999,59,2025-10-26T15:59:29.815527+00:00
src/api/projects/changeName.php,src,api/projects/changeName.php,.php,php,1897,59,2025-10-26T15:59:29.815527+00:00
src/api/projects/changeProjectDates.php,src,api/projects/changeProjectDates.php,.php,php,2490,67,2025-10-26T15:59:29.815527+00:00
src/api/projects/changeProjectDeliverDates.php,src,api/projects/changeProjectDeliverDates.php,.php,php,8808,141,2025-10-26T15:59:29.815527+00:00
src/api/projects/changeProjectFinanceDurationMaths.php,src,api/projects/changeProjectFinanceDurationMaths.php,.php,php,6776,121,2025-10-26T15:59:29.815527+00:00
src/api/projects/changeProjectManager.php,src,api/projects/changeProjectManager.php,.php,php,2134,63,2025-10-26T15:59:29.815527+00:00
src/api/projects/changeProjectType.php,src,api/projects/changeProjectType.php,.php,php,2255,66,2025-10-26T15:59:29.815527+00:00
src/api/projects/changeStatus.php,src,api/projects/changeStatus.php,.php,php,6035,123,2025-10-26T15:59:29.815527+00:00
src/api/projects/changeSubProject.php,src,api/projects/changeSubProject.php,.php,php,2422,70,2025-10-26T15:59:29.815527+00:00
src/api/projects/changeVenue.php,src,api/projects/changeVenue.php,.php,php,2347,69,2025-10-26T15:59:29.815527+00:00
src/api/projects/crew/assign-EmailTemplate.twig,src,api/projects/crew/assign-EmailTemplate.twig,.twig,template,4194,63,2025-10-26T15:59:29.815527+00:00
src/api/projects/crew/assign.php,src,api/projects/crew/assign.php,.php,php,6304,129,2025-10-26T15:59:29.815527+00:00
src/api/projects/crew/crewRoles/accept.php,src,api/projects/crew/crewRoles/accept.php,.php,php,3877,73,2025-10-26T15:59:29.815527+00:00
src/api/projects/crew/crewRoles/applicationList.php,src,api/projects/crew/crewRoles/applicationList.php,.php,php,3708,77,2025-10-26T15:59:29.815527+00:00
src/api/projects/crew/crewRoles/apply.php,src,api/projects/crew/crewRoles/apply.php,.php,php,7040,107,2025-10-26T15:59:29.815527+00:00
src/api/projects/crew/crewRoles/edit.php,src,api/projects/crew/crewRoles/edit.php,.php,php,4685,109,2025-10-26T15:59:29.815527+00:00
src/api/projects/crew/crewRoles/list.php,src,api/projects/crew/crewRoles/list.php,.php,php,3540,78,2025-10-26T15:59:29.815527+00:00
src/api/projects/crew/crewRoles/reject.php,src,api/projects/crew/crewRoles/reject.php,.php,php,3091,60,2025-10-26T15:59:29.815527+00:00
src/api/projects/crew/edit.php,src,api/projects/crew/edit.php,.php,php,3634,74,2025-10-26T15:59:29.815527+00:00
src/api/projects/crew/searchUser.php,src,api/projects/crew/searchUser.php,.php,php,4965,100,2025-10-26T15:59:29.815527+00:00
src/api/projects/crew/sortRank.php,src,api/projects/crew/sortRank.php,.php,php,2163,64,2025-10-26T15:59:29.815527+00:00
src/api/projects/crew/unassign.php,src,api/projects/crew/unassign.php,.php,php,2508,59,2025-10-26T15:59:29.815527+00:00
src/api/projects/data.php,src,api/projects/data.php,.php,php,25132,350,2025-10-26T15:59:29.815527+00:00
src/api/projects/delete.php,src,api/projects/delete.php,.php,php,1699,51,2025-10-26T15:59:29.815527+00:00
src/api/projects/deletePayment.php,src,api/projects/deletePayment.php,.php,php,2522,66,2025-10-26T15:59:29.815527+00:00
src/api/projects/editNote.php,src,api/projects/editNote.php,.php,php,2622,77,2025-10-26T15:59:29.815527+00:00
src/api/projects/followParentStatus.php,src,api/projects/followParentStatus.php,.php,php,3332,95,2025-10-26T15:59:29.815527+00:00
src/api/projects/getComments.php,src,api/projects/getComments.php,.php,php,2115,67,2025-10-26T15:59:29.815527+00:00
src/api/projects/list.php,src,api/projects/list.php,.php,php,3360,83,2025-10-26T15:59:29.815527+00:00
src/api/projects/new.php,src,api/projects/new.php,.php,php,4198,108,2025-10-26T15:59:29.815527+00:00
src/api/projects/newNote.php,src,api/projects/newNote.php,.php,php,2053,62,2025-10-26T15:59:29.815527+00:00
src/api/projects/newPayment.php,src,api/projects/newPayment.php,.php,php,3800,104,2025-10-26T15:59:29.815527+00:00
src/api/projects/newQuickComment.php,src,api/projects/newQuickComment.php,.php,php,1896,60,2025-10-26T15:59:29.819527+00:00
src/api/projects/unArchive.php,src,api/projects/unArchive.php,.php,php,1733,52,2025-10-26T15:59:29.819527+00:00
src/api/s3files/appUploader.php,src,api/s3files/appUploader.php,.php,php,4255,110,2025-10-26T15:59:29.819527+00:00
src/api/s3files/generateSignatureUppy.php,src,api/s3files/generateSignatureUppy.php,.php,php,3389,103,2025-10-26T15:59:29.819527+00:00
src/api/s3files/uploadProjectInvoice.php,src,api/s3files/uploadProjectInvoice.php,.php,php,4456,123,2025-10-26T15:59:29.819527+00:00
src/api/s3files/uploadSuccess.php,src,api/s3files/uploadSuccess.php,.php,php,3265,95,2025-10-26T15:59:29.819527+00:00
src/api/search/search.php,src,api/search/search.php,.php,php,1943,74,2025-10-26T15:59:29.819527+00:00
src/api/server/assetImport.php,src,api/server/assetImport.php,.php,php,10407,228,2025-10-26T15:59:29.819527+00:00
src/api/training/certify.php,src,api/training/certify.php,.php,php,2018,64,2025-10-26T15:59:29.819527+00:00
src/api/training/completeStep.php,src,api/training/completeStep.php,.php,php,2686,67,2025-10-26T15:59:29.819527+00:00
src/api/training/revokeAll.php,src,api/training/revokeAll.php,.php,php,1879,55,2025-10-26T15:59:29.819527+00:00
src/asset.php,src,asset.php,.php,php,14230,217,2025-10-26T15:59:29.819527+00:00
src/asset.twig,src,asset.twig,.twig,template,162385,2224,2025-10-26T15:59:29.819527+00:00
src/assets.php,src,assets.php,.php,php,14461,283,2025-10-26T15:59:29.819527+00:00
src/assets.twig,src,assets.twig,.twig,template,50137,673,2025-10-26T15:59:29.819527+00:00
src/assets/template.twig,src,assets/template.twig,.twig,template,40327,895,2025-10-26T15:59:29.819527+00:00
src/assets/templates/asset-import-template.csv,src,assets/templates/asset-import-template.csv,.csv,data,837,1,2025-10-26T15:59:29.819527+00:00
src/assets/templates/changePassword.twig,src,assets/templates/changePassword.twig,.twig,template,2148,41,2025-10-26T15:59:29.819527+00:00
src/assets/templates/cmsPage.twig,src,assets/templates/cmsPage.twig,.twig,template,668,16,2025-10-26T15:59:29.819527+00:00
src/assets/templates/cmsPageContent.twig,src,assets/templates/cmsPageContent.twig,.twig,template,608,17,2025-10-26T15:59:29.819527+00:00
src/assets/templates/fileBox.twig,src,assets/templates/fileBox.twig,.twig,template,3215,48,2025-10-26T15:59:29.819527+00:00
src/assets/templates/fileBoxJS.twig,src,assets/templates/fileBoxJS.twig,.twig,template,6449,141,2025-10-26T15:59:29.819527+00:00
src/assets/templates/joinInstance.twig,src,assets/templates/joinInstance.twig,.twig,template,1987,53,2025-10-26T15:59:29.819527+00:00
src/assets/templates/newInstance.twig,src,assets/templates/newInstance.twig,.twig,template,15899,239,2025-10-26T15:59:29.819527+00:00
src/assets/templates/uppy.twig,src,assets/templates/uppy.twig,.twig,template,8066,188,2025-10-26T15:59:29.819527+00:00
src/assets/widgets/calendar.twig,src,assets/widgets/calendar.twig,.twig,template,6760,106,2025-10-26T15:59:29.823527+00:00
src/assets/widgets/inventoryTotal.twig,src,assets/widgets/inventoryTotal.twig,.twig,template,2063,43,2025-10-26T15:59:29.823527+00:00
src/assets/widgets/inventoryValueGraph.twig,src,assets/widgets/inventoryValueGraph.twig,.twig,template,6297,140,2025-10-26T15:59:29.823527+00:00
src/assets/widgets/maintenanceOutstanding.twig,src,assets/widgets/maintenanceOutstanding.twig,.twig,template,2168,48,2025-10-26T15:59:29.823527+00:00
src/assets/widgets/myCalendar.twig,src,assets/widgets/myCalendar.twig,.twig,template,321,7,2025-10-26T15:59:29.823527+00:00
src/assets/widgets/myMaintenance.twig,src,assets/widgets/myMaintenance.twig,.twig,template,2286,47,2025-10-26T15:59:29.823527+00:00
src/assets/widgets/statsWidgets.php,src,assets/widgets/statsWidgets.php,.php,php,10992,205,2025-10-26T15:59:29.823527+00:00
src/assets/widgets/statsWidgetsJS.twig,src,assets/widgets/statsWidgetsJS.twig,.twig,template,1221,30,2025-10-26T15:59:29.823527+00:00
src/assets/widgets/storageUsage.twig,src,assets/widgets/storageUsage.twig,.twig,template,1338,29,2025-10-26T15:59:29.823527+00:00
src/assets/widgets/upcomingEventsCount.twig,src,assets/widgets/upcomingEventsCount.twig,.twig,template,0,0,2025-10-26T15:59:29.823527+00:00
src/assets/widgets/userCount.twig,src,assets/widgets/userCount.twig,.twig,template,1407,32,2025-10-26T15:59:29.823527+00:00
src/clients.php,src,clients.php,.php,php,3635,76,2025-10-26T15:59:29.823527+00:00
src/clients.twig,src,clients.twig,.twig,template,16745,258,2025-10-26T15:59:29.823527+00:00
src/cms/cms_customDashboards.twig,src,cms/cms_customDashboards.twig,.twig,template,2681,62,2025-10-26T15:59:29.823527+00:00
src/cms/cms_edit.twig,src,cms/cms_edit.twig,.twig,template,25853,496,2025-10-26T15:59:29.823527+00:00
src/cms/cms_edit_card.twig,src,cms/cms_edit_card.twig,.twig,template,1343,31,2025-10-26T15:59:29.823527+00:00
src/cms/cms_index.twig,src,cms/cms_index.twig,.twig,template,1533,42,2025-10-26T15:59:29.823527+00:00
src/cms/cms_list.twig,src,cms/cms_list.twig,.twig,template,22514,365,2025-10-26T15:59:29.823527+00:00
src/cms/cms_log.twig,src,cms/cms_log.twig,.twig,template,3010,57,2025-10-26T15:59:29.823527+00:00
src/cms/cms_stats.twig,src,cms/cms_stats.twig,.twig,template,4363,90,2025-10-26T15:59:29.823527+00:00
src/cms/customDashboards.php,src,cms/customDashboards.php,.php,php,754,20,2025-10-26T15:59:29.823527+00:00
src/cms/edit.php,src,cms/edit.php,.php,php,1478,26,2025-10-26T15:59:29.823527+00:00
src/cms/index.php,src,cms/index.php,.php,php,1692,32,2025-10-26T15:59:29.823527+00:00
src/cms/list.php,src,cms/list.php,.php,php,1978,43,2025-10-26T15:59:29.823527+00:00
src/cms/log.php,src,cms/log.php,.php,php,1160,23,2025-10-26T15:59:29.823527+00:00
src/cms/stats.php,src,cms/stats.php,.php,php,2880,74,2025-10-26T15:59:29.823527+00:00
src/common/head.php,src,common/head.php,.php,php,12035,275,2025-10-26T15:59:29.823527+00:00
src/common/headSecure.php,src,common/headSecure.php,.php,php,9252,131,2025-10-26T15:59:29.823527+00:00
src/common/libs/Auth/instanceActions.php,src,common/libs/Auth/instanceActions.php,.php,php,60808,1758,2025-10-26T15:59:29.823527+00:00
src/common/libs/Auth/main.php,src,common/libs/Auth/main.php,.php,php,20958,404,2025-10-26T15:59:29.823527+00:00
src/common/libs/Auth/serverActions.php,src,common/libs/Auth/serverActions.php,.php,php,8684,289,2025-10-26T15:59:29.823527+00:00
src/common/libs/Config/Config.php,src,common/libs/Config/Config.php,.php,php,5636,158,2025-10-26T15:59:29.823527+00:00
src/common/libs/Config/configForm.twig,src,common/libs/Config/configForm.twig,.twig,template,2281,89,2025-10-26T15:59:29.823527+00:00
src/common/libs/Config/configStructureArray.php,src,common/libs/Config/configStructureArray.php,.php,php,38774,1063,2025-10-26T15:59:29.823527+00:00
src/common/libs/Email/EmailHandler.php,src,common/libs/Email/EmailHandler.php,.php,php,1831,57,2025-10-26T15:59:29.823527+00:00
src/common/libs/Email/MailgunHandler.php,src,common/libs/Email/MailgunHandler.php,.php,php,1351,37,2025-10-26T15:59:29.823527+00:00
src/common/libs/Email/PostmarkHandler.php,src,common/libs/Email/PostmarkHandler.php,.php,php,1042,40,2025-10-26T15:59:29.823527+00:00
src/common/libs/Email/SMTPHandler.php,src,common/libs/Email/SMTPHandler.php,.php,php,2028,64,2025-10-26T15:59:29.823527+00:00
src/common/libs/Email/SendgridHandler.php,src,common/libs/Email/SendgridHandler.php,.php,php,1069,30,2025-10-26T15:59:29.823527+00:00
src/common/libs/Search/BaseSearch.php,src,common/libs/Search/BaseSearch.php,.php,php,4541,144,2025-10-26T15:59:29.827527+00:00
src/common/libs/Search/Search.php,src,common/libs/Search/Search.php,.php,php,1042,42,2025-10-26T15:59:29.827527+00:00
src/common/libs/Search/SearchCMS.php,src,common/libs/Search/SearchCMS.php,.php,php,3461,82,2025-10-26T15:59:29.827527+00:00
src/common/libs/Search/SearchClients.php,src,common/libs/Search/SearchClients.php,.php,php,1452,43,2025-10-26T15:59:29.827527+00:00
src/common/libs/Search/SearchLocations.php,src,common/libs/Search/SearchLocations.php,.php,php,1609,42,2025-10-26T15:59:29.827527+00:00
src/common/libs/Search/SearchProjects.php,src,common/libs/Search/SearchProjects.php,.php,php,3540,68,2025-10-26T15:59:29.827527+00:00
src/common/libs/Search/SearchUsers.php,src,common/libs/Search/SearchUsers.php,.php,php,1887,46,2025-10-26T15:59:29.827527+00:00
src/common/libs/Telemetry/Telemetry.php,src,common/libs/Telemetry/Telemetry.php,.php,php,2912,57,2025-10-26T15:59:29.827527+00:00
src/common/libs/bCMS/bCMS.php,src,common/libs/bCMS/bCMS.php,.php,php,14915,330,2025-10-26T15:59:29.827527+00:00
src/common/libs/bCMS/projectFinance.php,src,common/libs/bCMS/projectFinance.php,.php,php,4992,107,2025-10-26T15:59:29.827527+00:00
src/common/libs/twigExtensions.php,src,common/libs/twigExtensions.php,.php,php,7062,231,2025-10-26T15:59:29.827527+00:00
src/dashboard-cmsPage.twig,src,dashboard-cmsPage.twig,.twig,template,443,15,2025-10-26T15:59:29.827527+00:00
src/dashboard.twig,src,dashboard.twig,.twig,template,1105,29,2025-10-26T15:59:29.827527+00:00
src/favicon.ico,src,favicon.ico,.ico,other,1150,5,2025-10-26T15:59:29.827527+00:00
src/index.php,src,index.php,.php,php,2552,50,2025-10-26T15:59:29.827527+00:00
src/index_acceptTerms.twig,src,index_acceptTerms.twig,.twig,template,956,32,2025-10-26T15:59:29.827527+00:00
src/index_emailVerified.twig,src,index_emailVerified.twig,.twig,template,1458,30,2025-10-26T15:59:29.827527+00:00
src/index_forceChangePassword.twig,src,index_forceChangePassword.twig,.twig,template,130,5,2025-10-26T15:59:29.827527+00:00
src/index_instanceBillingIssue.twig,src,index_instanceBillingIssue.twig,.twig,template,5396,101,2025-10-26T15:59:29.827527+00:00
src/index_noInstances.twig,src,index_noInstances.twig,.twig,template,1342,27,2025-10-26T15:59:29.827527+00:00
src/instances/billing.php,src,instances/billing.php,.php,php,3052,59,2025-10-26T15:59:29.827527+00:00
src/instances/business_calendar.twig,src,instances/business_calendar.twig,.twig,template,2870,60,2025-10-26T15:59:29.827527+00:00
src/instances/calendar.php,src,instances/calendar.php,.php,php,2362,38,2025-10-26T15:59:29.827527+00:00
src/instances/calendarSettings.php,src,instances/calendarSettings.php,.php,php,413,10,2025-10-26T15:59:29.827527+00:00
src/instances/configuration/asset-status.php,src,instances/configuration/asset-status.php,.php,php,653,15,2025-10-26T15:59:29.827527+00:00
src/instances/configuration/barcodes.php,src,instances/configuration/barcodes.php,.php,php,369,9,2025-10-26T15:59:29.827527+00:00
src/instances/configuration/instances_configuration_asset_status.twig,src,instances/configuration/instances_configuration_asset_status.twig,.twig,template,6169,119,2025-10-26T15:59:29.827527+00:00
src/instances/configuration/instances_configuration_barcodes.twig,src,instances/configuration/instances_configuration_barcodes.twig,.twig,template,5250,106,2025-10-26T15:59:29.827527+00:00
src/instances/configuration/instances_configuration_invoices.twig,src,instances/configuration/instances_configuration_invoices.twig,.twig,template,3543,64,2025-10-26T15:59:29.827527+00:00
src/instances/configuration/instances_configuration_logo.twig,src,instances/configuration/instances_configuration_logo.twig,.twig,template,4306,91,2025-10-26T15:59:29.827527+00:00
src/instances/configuration/invoices.php,src,instances/configuration/invoices.php,.php,php,370,10,2025-10-26T15:59:29.827527+00:00
src/instances/configuration/logo.php,src,instances/configuration/logo.php,.php,php,353,9,2025-10-26T15:59:29.827527+00:00
src/instances/customCategories.php,src,instances/customCategories.php,.php,php,990,20,2025-10-26T15:59:29.827527+00:00
src/instances/customCategories.twig,src,instances/customCategories.twig,.twig,template,23857,382,2025-10-26T15:59:29.827527+00:00
src/instances/groups.php,src,instances/groups.php,.php,php,1604,39,2025-10-26T15:59:29.827527+00:00
src/instances/groups.twig,src,instances/groups.twig,.twig,template,15124,270,2025-10-26T15:59:29.827527+00:00
src/instances/instances_billing.twig,src,instances/instances_billing.twig,.twig,template,5948,106,2025-10-26T15:59:29.827527+00:00
src/instances/instances_calendarSettings.twig,src,instances/instances_calendarSettings.twig,.twig,template,10053,170,2025-10-26T15:59:29.827527+00:00
src/instances/instances_join.twig,src,instances/instances_join.twig,.twig,template,238,9,2025-10-26T15:59:29.827527+00:00
src/instances/instances_navigation.twig,src,instances/instances_navigation.twig,.twig,template,10953,242,2025-10-26T15:59:29.827527+00:00
src/instances/instances_new.twig,src,instances/instances_new.twig,.twig,template,237,9,2025-10-26T15:59:29.827527+00:00
src/instances/instances_permissions.twig,src,instances/instances_permissions.twig,.twig,template,7541,188,2025-10-26T15:59:29.827527+00:00
src/instances/instances_public.twig,src,instances/instances_public.twig,.twig,template,4654,83,2025-10-26T15:59:29.827527+00:00
src/instances/instances_settings.twig,src,instances/instances_settings.twig,.twig,template,3969,73,2025-10-26T15:59:29.827527+00:00
src/instances/instances_stats.twig,src,instances/instances_stats.twig,.twig,template,680,20,2025-10-26T15:59:29.827527+00:00
src/instances/instances_users.twig,src,instances/instances_users.twig,.twig,template,17990,311,2025-10-26T15:59:29.827527+00:00
src/instances/join.php,src,instances/join.php,.php,php,206,7,2025-10-26T15:59:29.827527+00:00
src/instances/navigation.php,src,instances/navigation.php,.php,php,220,5,2025-10-26T15:59:29.827527+00:00
src/instances/new.php,src,instances/new.php,.php,php,353,9,2025-10-26T15:59:29.827527+00:00
src/instances/permissions.php,src,instances/permissions.php,.php,php,1313,30,2025-10-26T15:59:29.827527+00:00
src/instances/projectStatuses.php,src,instances/projectStatuses.php,.php,php,1345,29,2025-10-26T15:59:29.827527+00:00
src/instances/projectStatuses.twig,src,instances/projectStatuses.twig,.twig,template,21849,340,2025-10-26T15:59:29.831527+00:00
src/instances/projectTypes.php,src,instances/projectTypes.php,.php,php,1333,33,2025-10-26T15:59:29.831527+00:00
src/instances/projectTypes.twig,src,instances/projectTypes.twig,.twig,template,7827,163,2025-10-26T15:59:29.831527+00:00
src/instances/public.php,src,instances/public.php,.php,php,479,13,2025-10-26T15:59:29.831527+00:00
src/instances/settings.php,src,instances/settings.php,.php,php,611,15,2025-10-26T15:59:29.831527+00:00
src/instances/signupCodes.php,src,instances/signupCodes.php,.php,php,1227,28,2025-10-26T15:59:29.831527+00:00
src/instances/signupCodes.twig,src,instances/signupCodes.twig,.twig,template,15524,294,2025-10-26T15:59:29.831527+00:00
src/instances/stats.php,src,instances/stats.php,.php,php,410,11,2025-10-26T15:59:29.831527+00:00
src/instances/trustedDomains.php,src,instances/trustedDomains.php,.php,php,732,17,2025-10-26T15:59:29.831527+00:00
src/instances/trustedDomains.twig,src,instances/trustedDomains.twig,.twig,template,3744,71,2025-10-26T15:59:29.831527+00:00
src/instances/users.php,src,instances/users.php,.php,php,2553,44,2025-10-26T15:59:29.831527+00:00
src/ledger.php,src,ledger.php,.php,php,1751,38,2025-10-26T15:59:29.831527+00:00
src/ledger.twig,src,ledger.twig,.twig,template,7025,130,2025-10-26T15:59:29.831527+00:00
src/location/barcode.php,src,location/barcode.php,.php,php,920,19,2025-10-26T15:59:29.831527+00:00
src/location/index.php,src,location/index.php,.php,php,4011,89,2025-10-26T15:59:29.831527+00:00
src/location/location_barcode.twig,src,location/location_barcode.twig,.twig,template,1006,26,2025-10-26T15:59:29.831527+00:00
src/location/location_files.twig,src,location/location_files.twig,.twig,template,1090,33,2025-10-26T15:59:29.831527+00:00
src/location/location_index.twig,src,location/location_index.twig,.twig,template,23173,385,2025-10-26T15:59:29.831527+00:00
src/login/error.twig,src,login/error.twig,.twig,template,154,5,2025-10-26T15:59:29.831527+00:00
src/login/index.php,src,login/index.php,.php,php,2049,44,2025-10-26T15:59:29.831527+00:00
src/login/login.twig,src,login/login.twig,.twig,template,4911,87,2025-10-26T15:59:29.831527+00:00
src/login/login_template.twig,src,login/login_template.twig,.twig,template,6763,185,2025-10-26T15:59:29.831527+00:00
src/login/magicLink.twig,src,login/magicLink.twig,.twig,template,1774,42,2025-10-26T15:59:29.831527+00:00
src/login/oauth/google.php,src,login/oauth/google.php,.php,php,6116,132,2025-10-26T15:59:29.831527+00:00
src/login/oauth/microsoft.php,src,login/oauth/microsoft.php,.php,php,4643,105,2025-10-26T15:59:29.831527+00:00
src/login/signup.twig,src,login/signup.twig,.twig,template,5723,96,2025-10-26T15:59:29.831527+00:00
src/maintenance/barcode.php,src,maintenance/barcode.php,.php,php,315,8,2025-10-26T15:59:29.831527+00:00
src/maintenance/barcode.twig,src,maintenance/barcode.twig,.twig,template,28355,542,2025-10-26T15:59:29.831527+00:00
src/maintenance/barcodeGenerator.php,src,maintenance/barcodeGenerator.php,.php,php,4369,70,2025-10-26T15:59:29.831527+00:00
src/maintenance/barcodeGenerator.twig,src,maintenance/barcodeGenerator.twig,.twig,template,13514,248,2025-10-26T15:59:29.831527+00:00
src/maintenance/barcodePrint-table.twig,src,maintenance/barcodePrint-table.twig,.twig,template,1060,37,2025-10-26T15:59:29.831527+00:00
src/maintenance/barcodePrint.php,src,maintenance/barcodePrint.php,.php,php,4733,94,2025-10-26T15:59:29.831527+00:00
src/maintenance/barcodePrint.twig,src,maintenance/barcodePrint.twig,.twig,template,1071,45,2025-10-26T15:59:29.831527+00:00
src/maintenance/index.php,src,maintenance/index.php,.php,php,2401,30,2025-10-26T15:59:29.831527+00:00
src/maintenance/individualBarcode.twig,src,maintenance/individualBarcode.twig,.twig,template,6017,107,2025-10-26T15:59:29.831527+00:00
src/maintenance/job.php,src,maintenance/job.php,.php,php,6934,103,2025-10-26T15:59:29.831527+00:00
src/maintenance/job.twig,src,maintenance/job.twig,.twig,template,39464,695,2025-10-26T15:59:29.831527+00:00
src/maintenance/maintenance_index.twig,src,maintenance/maintenance_index.twig,.twig,template,7247,155,2025-10-26T15:59:29.831527+00:00
src/maintenance/maintenance_newJob.twig,src,maintenance/maintenance_newJob.twig,.twig,template,4694,97,2025-10-26T15:59:29.831527+00:00
src/manufacturers.php,src,manufacturers.php,.php,php,1857,40,2025-10-26T15:59:29.831527+00:00
src/manufacturers.twig,src,manufacturers.twig,.twig,template,3437,68,2025-10-26T15:59:29.831527+00:00
src/newAsset.php,src,newAsset.php,.php,php,1854,34,2025-10-26T15:59:29.831527+00:00
src/newAsset.twig,src,newAsset.twig,.twig,template,20015,371,2025-10-26T15:59:29.831527+00:00
src/project/crew/applications.php,src,project/crew/applications.php,.php,php,2928,47,2025-10-26T15:59:29.831527+00:00
src/project/crew/applications.twig,src,project/crew/applications.twig,.twig,template,8715,159,2025-10-26T15:59:29.831527+00:00
src/project/crew/vacancies.php,src,project/crew/vacancies.php,.php,php,3079,45,2025-10-26T15:59:29.831527+00:00
src/project/crew/vacancies.twig,src,project/crew/vacancies.twig,.twig,template,7558,163,2025-10-26T15:59:29.831527+00:00
src/project/crew/vacancy.php,src,project/crew/vacancy.php,.php,php,3436,46,2025-10-26T15:59:29.831527+00:00
src/project/crew/vacancy.twig,src,project/crew/vacancy.twig,.twig,template,13401,247,2025-10-26T15:59:29.831527+00:00
src/project/crew/vacantCrew.php,src,project/crew/vacantCrew.php,.php,php,3238,55,2025-10-26T15:59:29.831527+00:00
src/project/crew/vacantCrew.twig,src,project/crew/vacantCrew.twig,.twig,template,24450,359,2025-10-26T15:59:29.831527+00:00
src/project/export-note.twig,src,project/export-note.twig,.twig,template,989,40,2025-10-26T15:59:29.831527+00:00
src/project/index.php,src,project/index.php,.php,php,9291,152,2025-10-26T15:59:29.831527+00:00
src/project/list.php,src,project/list.php,.php,php,5736,89,2025-10-26T15:59:29.831527+00:00
src/project/new.php,src,project/new.php,.php,php,1483,27,2025-10-26T15:59:29.831527+00:00
src/project/noteExport.php,src,project/noteExport.php,.php,php,726,17,2025-10-26T15:59:29.831527+00:00
src/project/pdf.twig,src,project/pdf.twig,.twig,template,33744,568,2025-10-26T15:59:29.835527+00:00
src/project/projectInvoice.php,src,project/projectInvoice.php,.php,php,1458,42,2025-10-26T15:59:29.835527+00:00
src/project/project_assets.twig,src,project/project_assets.twig,.twig,template,21059,371,2025-10-26T15:59:29.835527+00:00
src/project/project_assetsBoard.twig,src,project/project_assetsBoard.twig,.twig,template,15521,280,2025-10-26T15:59:29.835527+00:00
src/project/project_assetsPage.twig,src,project/project_assetsPage.twig,.twig,template,131,4,2025-10-26T15:59:29.835527+00:00
src/project/project_crew.twig,src,project/project_crew.twig,.twig,template,7317,121,2025-10-26T15:59:29.835527+00:00
src/project/project_files.twig,src,project/project_files.twig,.twig,template,7432,200,2025-10-26T15:59:29.835527+00:00
src/project/project_finance.twig,src,project/project_finance.twig,.twig,template,12399,341,2025-10-26T15:59:29.835527+00:00
src/project/project_index.twig,src,project/project_index.twig,.twig,template,103343,1697,2025-10-26T15:59:29.835527+00:00
src/project/project_list.twig,src,project/project_list.twig,.twig,template,11086,197,2025-10-26T15:59:29.835527+00:00
src/project/project_log.twig,src,project/project_log.twig,.twig,template,3681,58,2025-10-26T15:59:29.835527+00:00
src/project/project_new.twig,src,project/project_new.twig,.twig,template,6546,150,2025-10-26T15:59:29.835527+00:00
src/project/twigIncludes/assetBoard/board.twig,src,project/twigIncludes/assetBoard/board.twig,.twig,template,1986,26,2025-10-26T15:59:29.835527+00:00
src/project/twigIncludes/assetList/table.twig,src,project/twigIncludes/assetList/table.twig,.twig,template,873,30,2025-10-26T15:59:29.835527+00:00
src/project/twigIncludes/assetList/tableItem.twig,src,project/twigIncludes/assetList/tableItem.twig,.twig,template,5387,76,2025-10-26T15:59:29.835527+00:00
src/project/twigIncludes/assetList/tableItemPDF.twig,src,project/twigIncludes/assetList/tableItemPDF.twig,.twig,template,3721,59,2025-10-26T15:59:29.835527+00:00
src/public/embed/head.php,src,public/embed/head.php,.php,php,647,12,2025-10-26T15:59:29.835527+00:00
src/public/embed/jobs.php,src,public/embed/jobs.php,.php,php,2560,41,2025-10-26T15:59:29.835527+00:00
src/public/embed/jobsPublic.twig,src,public/embed/jobsPublic.twig,.twig,template,7314,166,2025-10-26T15:59:29.835527+00:00
src/public/embed/templatePublic.twig,src,public/embed/templatePublic.twig,.twig,template,5544,77,2025-10-26T15:59:29.835527+00:00
src/search.php,src,search.php,.php,php,2230,65,2025-10-26T15:59:29.835527+00:00
src/search.twig,src,search.twig,.twig,template,6339,116,2025-10-26T15:59:29.835527+00:00
src/server/analytics/analytics_index.twig,src,server/analytics/analytics_index.twig,.twig,template,1565,38,2025-10-26T15:59:29.835527+00:00
src/server/analytics/index.php,src,server/analytics/index.php,.php,php,417,14,2025-10-26T15:59:29.835527+00:00
src/server/analytics/pageViews.php,src,server/analytics/pageViews.php,.php,php,1902,30,2025-10-26T15:59:29.835527+00:00
src/server/analytics/pageViews.twig,src,server/analytics/pageViews.twig,.twig,template,4337,201,2025-10-26T15:59:29.835527+00:00
src/server/analytics/tables.php,src,server/analytics/tables.php,.php,php,1393,26,2025-10-26T15:59:29.835527+00:00
src/server/analytics/tables.twig,src,server/analytics/tables.twig,.twig,template,1477,36,2025-10-26T15:59:29.835527+00:00
src/server/auditLog.php,src,server/auditLog.php,.php,php,2145,47,2025-10-26T15:59:29.835527+00:00
src/server/auditLog.twig,src,server/auditLog.twig,.twig,template,5689,103,2025-10-26T15:59:29.835527+00:00
src/server/config.php,src,server/config.php,.php,php,617,18,2025-10-26T15:59:29.835527+00:00
src/server/config.twig,src,server/config.twig,.twig,template,4472,80,2025-10-26T15:59:29.835527+00:00
src/server/import.php,src,server/import.php,.php,php,1136,20,2025-10-26T15:59:29.835527+00:00
src/server/import_asset.twig,src,server/import_asset.twig,.twig,template,7383,160,2025-10-26T15:59:29.835527+00:00
src/server/instances.php,src,server/instances.php,.php,php,5332,98,2025-10-26T15:59:29.835527+00:00
src/server/instances.twig,src,server/instances.twig,.twig,template,28137,399,2025-10-26T15:59:29.835527+00:00
src/server/permissions.php,src,server/permissions.php,.php,php,1066,31,2025-10-26T15:59:29.835527+00:00
src/server/permissions.twig,src,server/permissions.twig,.twig,template,3886,122,2025-10-26T15:59:29.835527+00:00
src/server/users.php,src,server/users.php,.php,php,2734,51,2025-10-26T15:59:29.835527+00:00
src/server/users.twig,src,server/users.twig,.twig,template,19198,308,2025-10-26T15:59:29.835527+00:00
src/static-assets/css/adminlte.css,src,static-assets/css/adminlte.css,.css,stylesheet,1545097,52419,2025-10-26T15:59:29.847527+00:00
src/static-assets/css/adminlte.css.map,src,static-assets/css/adminlte.css.map,.map,other,2355822,,2025-10-26T15:59:29.883527+00:00
src/static-assets/css/adminlte.min.css,src,static-assets/css/adminlte.min.css,.css,stylesheet,1382975,12,2025-10-26T15:59:29.887527+00:00
src/static-assets/css/adminlte.min.css.map,src,static-assets/css/adminlte.min.css.map,.map,other,3783134,,2025-10-26T15:59:29.907527+00:00
src/static-assets/css/alt/adminlte.components.css,src,static-assets/css/alt/adminlte.components.css,.css,stylesheet,388093,12084,2025-10-26T15:59:29.911527+00:00
src/static-assets/css/alt/adminlte.components.css.map,src,static-assets/css/alt/adminlte.components.css.map,.map,other,590460,,2025-10-26T15:59:29.911527+00:00
src/static-assets/css/alt/adminlte.components.min.css,src,static-assets/css/alt/adminlte.components.min.css,.css,stylesheet,353559,8,2025-10-26T15:59:29.911527+00:00
src/static-assets/css/alt/adminlte.components.min.css.map,src,static-assets/css/alt/adminlte.components.min.css.map,.map,other,937244,,2025-10-26T15:59:29.915527+00:00
src/static-assets/css/alt/adminlte.core.css,src,static-assets/css/alt/adminlte.core.css,.css,stylesheet,804455,29556,2025-10-26T15:59:29.923527+00:00
src/static-assets/css/alt/adminlte.core.css.map,src,static-assets/css/alt/adminlte.core.css.map,.map,other,1319136,,2025-10-26T15:59:29.943527+00:00
src/static-assets/css/alt/adminlte.core.min.css,src,static-assets/css/alt/adminlte.core.min.css,.css,stylesheet,707477,13,2025-10-26T15:59:29.947527+00:00
src/static-assets/css/alt/adminlte.core.min.css.map,src,static-assets/css/alt/adminlte.core.min.css.map,.map,other,2002623,,2025-10-26T15:59:29.959527+00:00
src/static-assets/css/alt/adminlte.extra-components.css,src,static-assets/css/alt/adminlte.extra-components.css,.css,stylesheet,40642,1763,2025-10-26T15:59:29.959527+00:00
src/static-assets/css/alt/adminlte.extra-components.css.map,src,static-assets/css/alt/adminlte.extra-components.css.map,.map,other,136216,1,2025-10-26T15:59:29.959527+00:00
src/static-assets/css/alt/adminlte.extra-components.min.css,src,static-assets/css/alt/adminlte.extra-components.min.css,.css,stylesheet,34528,8,2025-10-26T15:59:29.959527+00:00
src/static-assets/css/alt/adminlte.extra-components.min.css.map,src,static-assets/css/alt/adminlte.extra-components.min.css.map,.map,other,89230,1,2025-10-26T15:59:29.959527+00:00
src/static-assets/css/alt/adminlte.pages.css,src,static-assets/css/alt/adminlte.pages.css,.css,stylesheet,20096,968,2025-10-26T15:59:29.959527+00:00
src/static-assets/css/alt/adminlte.pages.css.map,src,static-assets/css/alt/adminlte.pages.css.map,.map,other,102397,1,2025-10-26T15:59:29.959527+00:00
src/static-assets/css/alt/adminlte.pages.min.css,src,static-assets/css/alt/adminlte.pages.min.css,.css,stylesheet,16685,8,2025-10-26T15:59:29.959527+00:00
src/static-assets/css/alt/adminlte.pages.min.css.map,src,static-assets/css/alt/adminlte.pages.min.css.map,.map,other,59754,1,2025-10-26T15:59:29.959527+00:00
src/static-assets/css/alt/adminlte.plugins.css,src,static-assets/css/alt/adminlte.plugins.css,.css,stylesheet,315919,9082,2025-10-26T15:59:29.963527+00:00
src/static-assets/css/alt/adminlte.plugins.css.map,src,static-assets/css/alt/adminlte.plugins.css.map,.map,other,483754,1,2025-10-26T15:59:29.963527+00:00
src/static-assets/css/alt/adminlte.plugins.min.css,src,static-assets/css/alt/adminlte.plugins.min.css,.css,stylesheet,289450,8,2025-10-26T15:59:29.967527+00:00
src/static-assets/css/alt/adminlte.plugins.min.css.map,src,static-assets/css/alt/adminlte.plugins.min.css.map,.map,other,432156,1,2025-10-26T15:59:29.967527+00:00
src/static-assets/img/emailHeader/logo-emailHeaderWhite.png,src,static-assets/img/emailHeader/logo-emailHeaderWhite.png,.png,other,14189,134,2025-10-26T15:59:29.967527+00:00
src/static-assets/img/icons/android-icon-144x144.png,src,static-assets/img/icons/android-icon-144x144.png,.png,other,11834,99,2025-10-26T15:59:29.967527+00:00
src/static-assets/img/icons/android-icon-192x192.png,src,static-assets/img/icons/android-icon-192x192.png,.png,other,12014,106,2025-10-26T15:59:29.967527+00:00
src/static-assets/img/icons/android-icon-36x36.png,src,static-assets/img/icons/android-icon-36x36.png,.png,other,2949,34,2025-10-26T15:59:29.967527+00:00
src/static-assets/img/icons/android-icon-48x48.png,src,static-assets/img/icons/android-icon-48x48.png,.png,other,4186,34,2025-10-26T15:59:29.967527+00:00
src/static-assets/img/icons/android-icon-72x72.png,src,static-assets/img/icons/android-icon-72x72.png,.png,other,6187,39,2025-10-26T15:59:29.967527+00:00
src/static-assets/img/icons/android-icon-96x96.png,src,static-assets/img/icons/android-icon-96x96.png,.png,other,8333,85,2025-10-26T15:59:29.967527+00:00
src/static-assets/img/icons/apple-icon-114x114.png,src,static-assets/img/icons/apple-icon-114x114.png,.png,other,9620,60,2025-10-26T15:59:29.967527+00:00
src/static-assets/img/icons/apple-icon-120x120.png,src,static-assets/img/icons/apple-icon-120x120.png,.png,other,10032,71,2025-10-26T15:59:29.971527+00:00
src/static-assets/img/icons/apple-icon-144x144.png,src,static-assets/img/icons/apple-icon-144x144.png,.png,other,11834,99,2025-10-26T15:59:29.971527+00:00
src/static-assets/img/icons/apple-icon-152x152.png,src,static-assets/img/icons/apple-icon-152x152.png,.png,other,12539,102,2025-10-26T15:59:29.971527+00:00
src/static-assets/img/icons/apple-icon-180x180.png,src,static-assets/img/icons/apple-icon-180x180.png,.png,other,15037,132,2025-10-26T15:59:29.971527+00:00
src/static-assets/img/icons/apple-icon-57x57.png,src,static-assets/img/icons/apple-icon-57x57.png,.png,other,5002,34,2025-10-26T15:59:29.971527+00:00
src/static-assets/img/icons/apple-icon-60x60.png,src,static-assets/img/icons/apple-icon-60x60.png,.png,other,5362,40,2025-10-26T15:59:29.971527+00:00
src/static-assets/img/icons/apple-icon-72x72.png,src,static-assets/img/icons/apple-icon-72x72.png,.png,other,6187,39,2025-10-26T15:59:29.971527+00:00
src/static-assets/img/icons/apple-icon-76x76.png,src,static-assets/img/icons/apple-icon-76x76.png,.png,other,6575,45,2025-10-26T15:59:29.971527+00:00
src/static-assets/img/icons/apple-icon-precomposed.png,src,static-assets/img/icons/apple-icon-precomposed.png,.png,other,12590,107,2025-10-26T15:59:29.971527+00:00
src/static-assets/img/icons/apple-icon.png,src,static-assets/img/icons/apple-icon.png,.png,other,12590,107,2025-10-26T15:59:29.971527+00:00
src/static-assets/img/icons/browserconfig-disabled.xml,src,static-assets/img/icons/browserconfig-disabled.xml,.xml,xml,281,2,2025-10-26T15:59:29.971527+00:00
src/static-assets/img/icons/favicon-16x16.png,src,static-assets/img/icons/favicon-16x16.png,.png,other,1619,9,2025-10-26T15:59:29.971527+00:00
src/static-assets/img/icons/favicon-32x32.png,src,static-assets/img/icons/favicon-32x32.png,.png,other,2595,15,2025-10-26T15:59:29.971527+00:00
src/static-assets/img/icons/favicon-96x96.png,src,static-assets/img/icons/favicon-96x96.png,.png,other,8333,85,2025-10-26T15:59:29.971527+00:00
src/static-assets/img/icons/favicon.ico,src,static-assets/img/icons/favicon.ico,.ico,other,1150,5,2025-10-26T15:59:29.971527+00:00
src/static-assets/img/icons/manifest-disabled.json,src,static-assets/img/icons/manifest-disabled.json,.json,json,720,41,2025-10-26T15:59:29.971527+00:00
src/static-assets/img/icons/ms-icon-144x144.png,src,static-assets/img/icons/ms-icon-144x144.png,.png,other,11834,99,2025-10-26T15:59:29.971527+00:00
src/static-assets/img/icons/ms-icon-150x150.png,src,static-assets/img/icons/ms-icon-150x150.png,.png,other,12261,93,2025-10-26T15:59:29.971527+00:00
src/static-assets/img/icons/ms-icon-310x310.png,src,static-assets/img/icons/ms-icon-310x310.png,.png,other,32607,231,2025-10-26T15:59:29.971527+00:00
src/static-assets/img/icons/ms-icon-70x70.png,src,static-assets/img/icons/ms-icon-70x70.png,.png,other,6223,50,2025-10-26T15:59:29.971527+00:00
src/static-assets/img/login/google.svg,src,static-assets/img/login/google.svg,.svg,other,742,1,2025-10-26T15:59:29.971527+00:00
src/static-assets/img/login/logo.svg,src,static-assets/img/login/logo.svg,.svg,other,31784,368,2025-10-26T15:59:29.971527+00:00
src/static-assets/img/login/microsoft.svg,src,static-assets/img/login/microsoft.svg,.svg,other,232,1,2025-10-26T15:59:29.971527+00:00
src/static-assets/img/logo.png,src,static-assets/img/logo.png,.png,other,8335,106,2025-10-26T15:59:29.971527+00:00
src/static-assets/img/logoicon-white.png,src,static-assets/img/logoicon-white.png,.png,other,3865,65,2025-10-26T15:59:29.971527+00:00
src/static-assets/img/logoicon.png,src,static-assets/img/logoicon.png,.png,other,3562,64,2025-10-26T15:59:29.971527+00:00
src/static-assets/img/logosmall.png,src,static-assets/img/logosmall.png,.png,other,11530,138,2025-10-26T15:59:29.971527+00:00
src/static-assets/js/adminlte.js,src,static-assets/js/adminlte.js,.js,javascript,99945,2962,2025-10-26T15:59:29.971527+00:00
src/static-assets/js/adminlte.js.map,src,static-assets/js/adminlte.js.map,.map,other,171653,1,2025-10-26T15:59:29.971527+00:00
src/static-assets/js/adminlte.min.js,src,static-assets/js/adminlte.min.js,.js,javascript,44244,7,2025-10-26T15:59:29.971527+00:00
src/static-assets/js/adminlte.min.js.map,src,static-assets/js/adminlte.min.js.map,.map,other,129651,1,2025-10-26T15:59:29.975527+00:00
src/static-assets/libs/gridstrap/jquery.gridstrap.css,src,static-assets/libs/gridstrap/jquery.gridstrap.css,.css,stylesheet,730,29,2025-10-26T15:59:29.975527+00:00
src/static-assets/libs/gridstrap/jquery.gridstrap.js,src,static-assets/libs/gridstrap/jquery.gridstrap.js,.js,javascript,62893,1653,2025-10-26T15:59:29.975527+00:00
src/static-assets/libs/gridstrap/jquery.gridstrap.min.css,src,static-assets/libs/gridstrap/jquery.gridstrap.min.css,.css,stylesheet,645,10,2025-10-26T15:59:29.975527+00:00
src/static-assets/libs/gridstrap/jquery.gridstrap.min.js,src,static-assets/libs/gridstrap/jquery.gridstrap.min.js,.js,javascript,27260,12,2025-10-26T15:59:29.975527+00:00
src/static-assets/libs/gridstrap/jquery.gridstrap.min.js.map,src,static-assets/libs/gridstrap/jquery.gridstrap.min.js.map,.map,other,33827,1,2025-10-26T15:59:29.975527+00:00
src/static-assets/libs/invert-color/invert.min.js,src,static-assets/libs/invert-color/invert.min.js,.js,javascript,1437,2,2025-10-26T15:59:29.975527+00:00
src/static-assets/libs/pace/pace.css,src,static-assets/libs/pace/pace.css,.css,stylesheet,3382,146,2025-10-26T15:59:29.975527+00:00
src/static-assets/libs/select2-bootstrap4/select2-bootstrap4.min.css,src,static-assets/libs/select2-bootstrap4/select2-bootstrap4.min.css,.css,stylesheet,5158,1,2025-10-26T15:59:29.975527+00:00
src/static-assets/libs/sweetalert2/sweetAlert2-bootstrap-4.min.css,src,static-assets/libs/sweetalert2/sweetAlert2-bootstrap-4.min.css,.css,stylesheet,33990,1,2025-10-26T15:59:29.975527+00:00
src/static-assets/libs/zxing-js/v0.21.min.js,src,static-assets/libs/zxing-js/v0.21.min.js,.js,javascript,335967,1,2025-10-26T15:59:29.975527+00:00
src/training/index.php,src,training/index.php,.php,php,5786,105,2025-10-26T15:59:29.975527+00:00
src/training/module.php,src,training/module.php,.php,php,6367,109,2025-10-26T15:59:29.975527+00:00
src/training/training_modules.twig,src,training/training_modules.twig,.twig,template,15501,248,2025-10-26T15:59:29.979527+00:00
src/training/training_progress.twig,src,training/training_progress.twig,.twig,template,5540,116,2025-10-26T15:59:29.979527+00:00
src/training/training_steps.twig,src,training/training_steps.twig,.twig,template,18452,301,2025-10-26T15:59:29.979527+00:00
src/training/training_users.twig,src,training/training_users.twig,.twig,template,8842,157,2025-10-26T15:59:29.979527+00:00
src/training/types/1.twig,src,training/types/1.twig,.twig,template,169,7,2025-10-26T15:59:29.979527+00:00
src/training/types/2.twig,src,training/types/2.twig,.twig,template,147,7,2025-10-26T15:59:29.979527+00:00
src/training/types/3.twig,src,training/types/3.twig,.twig,template,413,12,2025-10-26T15:59:29.979527+00:00
src/training/types/youtubePageFooter.twig,src,training/types/youtubePageFooter.twig,.twig,template,2392,59,2025-10-26T15:59:29.979527+00:00
src/user.php,src,user.php,.php,php,5655,88,2025-10-26T15:59:29.979527+00:00
src/user.twig,src,user.twig,.twig,template,39738,556,2025-10-26T15:59:29.979527+00:00
